{
  "images" : [
    {
      "extent" : "full-screen",
      "filename" : "DefaultiPhoneXSMax.png",
      "idiom" : "iphone",
      "minimum-system-version" : "12.0",
      "orientation" : "portrait",
      "scale" : "3x",
      "subtype" : "2688h"
    },
    {
      "extent" : "full-screen",
      "filename" : "DefaultiPhoneXR.png",
      "idiom" : "iphone",
      "minimum-system-version" : "12.0",
      "orientation" : "portrait",
      "scale" : "2x",
      "subtype" : "1792h"
    },
    {
      "extent" : "full-screen",
      "filename" : "DefaultX.png",
      "idiom" : "iphone",
      "minimum-system-version" : "11.0",
      "orientation" : "portrait",
      "scale" : "3x",
      "subtype" : "2436h"
    },
    {
      "extent" : "full-screen",
      "filename" : "Default 1242x2208.png",
      "idiom" : "iphone",
      "minimum-system-version" : "8.0",
      "orientation" : "portrait",
      "scale" : "3x",
      "subtype" : "736h"
    },
    {
      "extent" : "full-screen",
      "filename" : "Default 750x1334.png",
      "idiom" : "iphone",
      "minimum-system-version" : "8.0",
      "orientation" : "portrait",
      "scale" : "2x",
      "subtype" : "667h"
    },
    {
      "extent" : "full-screen",
      "filename" : "Default@2x-1.png",
      "idiom" : "iphone",
      "minimum-system-version" : "7.0",
      "orientation" : "portrait",
      "scale" : "2x"
    },
    {
      "extent" : "full-screen",
      "filename" : "Default-568h@2x-1.png",
      "idiom" : "iphone",
      "minimum-system-version" : "7.0",
      "orientation" : "portrait",
      "scale" : "2x",
      "subtype" : "retina4"
    },
    {
      "extent" : "full-screen",
      "filename" : "Default.png",
      "idiom" : "iphone",
      "orientation" : "portrait",
      "scale" : "1x"
    },
    {
      "extent" : "full-screen",
      "filename" : "Default@2x.png",
      "idiom" : "iphone",
      "orientation" : "portrait",
      "scale" : "2x"
    },
    {
      "extent" : "full-screen",
      "filename" : "Default-568h@2x.png",
      "idiom" : "iphone",
      "orientation" : "portrait",
      "scale" : "2x",
      "subtype" : "retina4"
    }
  ],
  "info" : {
    "author" : "xcode",
    "version" : 1
  }
}
